{
	"credit": "Made with Blockbench",
	"texture_size": [32, 32],
	"elements": [
		{
			"from": [12.01, 7.01, 7.01],
			"to": [15.99, 8.99, 8.99],
			"rotation": {"angle": 22.5, "axis": "z", "origin": [16, 0, 0]},
			"color": 2,
			"faces": {
				"north": {"uv": [6, 4, 8, 5], "texture": "#missing"},
				"east": {"uv": [5, 4, 6, 5], "texture": "#missing"},
				"south": {"uv": [9, 4, 11, 5], "texture": "#missing"},
				"west": {"uv": [8, 4, 9, 5], "texture": "#missing"},
				"up": {"uv": [8, 4, 6, 3], "texture": "#missing"},
				"down": {"uv": [10, 3, 8, 4], "texture": "#missing"}
			}
		},
		{
			"from": [0.01, 7.01, 7.01],
			"to": [3.99, 8.99, 8.99],
			"rotation": {"angle": -22.5, "axis": "z", "origin": [0, 0, 0]},
			"color": 1,
			"faces": {
				"north": {"uv": [6, 6, 8, 7], "texture": "#missing"},
				"east": {"uv": [5, 6, 6, 7], "texture": "#missing"},
				"south": {"uv": [9, 6, 11, 7], "texture": "#missing"},
				"west": {"uv": [8, 6, 9, 7], "texture": "#missing"},
				"up": {"uv": [8, 6, 6, 5], "texture": "#missing"},
				"down": {"uv": [10, 5, 8, 6], "texture": "#missing"}
			}
		},
		{
			"from": [8.22183, -3, 7],
			"to": [12.22183, 1, 9],
			"rotation": {"angle": 45, "axis": "z", "origin": [0.22183, 0, 0]},
			"color": 8,
			"faces": {
				"north": {"uv": [6, 1, 8, 3], "texture": "#missing"},
				"east": {"uv": [5, 1, 6, 3], "texture": "#missing"},
				"south": {"uv": [9, 1, 11, 3], "texture": "#missing"},
				"west": {"uv": [8, 1, 9, 3], "texture": "#missing"},
				"up": {"uv": [8, 1, 6, 0], "texture": "#missing"},
				"down": {"uv": [10, 0, 8, 1], "texture": "#missing"}
			}
		},
		{
			"from": [3.18629, -9.5, 7],
			"to": [6.18629, -6.5, 9],
			"rotation": {"angle": 45, "axis": "z", "origin": [-3.31371, 0, 0.5]},
			"color": 7,
			"faces": {
				"north": {"uv": [0.5, 10.5, 1.5, 11.5], "texture": "#missing"},
				"east": {"uv": [0, 10.5, 0.5, 11.5], "texture": "#missing"},
				"south": {"uv": [2, 10.5, 3, 11.5], "texture": "#missing"},
				"west": {"uv": [1.5, 10.5, 2, 11.5], "texture": "#missing"},
				"up": {"uv": [1.5, 10.5, 0.5, 10], "texture": "#missing"},
				"down": {"uv": [2.5, 10, 1.5, 10.5], "texture": "#missing"}
			}
		},
		{
			"from": [6.75, -0.05761, 7.25],
			"to": [9.25, 6.44239, 8.75],
			"rotation": {"angle": 0, "axis": "y", "origin": [2, 3.19239, -1.5]},
			"color": 2,
			"faces": {
				"north": {"uv": [5.5, 7.5, 6.5, 10.5], "texture": "#missing"},
				"east": {"uv": [5, 7.5, 5.5, 10.5], "texture": "#missing"},
				"south": {"uv": [7, 7.5, 8, 10.5], "texture": "#missing"},
				"west": {"uv": [6.5, 7.5, 7, 10.5], "texture": "#missing"},
				"up": {"uv": [6.5, 7.5, 5.5, 7], "texture": "#missing"},
				"down": {"uv": [7.5, 7, 6.5, 7.5], "texture": "#missing"}
			}
		},
		{
			"from": [6.21, 6.40239, 7.71],
			"to": [9.79, 21.98239, 8.29],
			"rotation": {"angle": 0, "axis": "y", "origin": [2, 3.19239, -0.5]},
			"color": 3,
			"faces": {
				"north": {"uv": [0.5, 0.5, 2.5, 10], "texture": "#missing"},
				"east": {"uv": [0, 0.5, 0.5, 10], "texture": "#missing"},
				"south": {"uv": [3, 0.5, 5, 10], "texture": "#missing"},
				"west": {"uv": [2.5, 0.5, 3, 10], "texture": "#missing"},
				"up": {"uv": [2.5, 0.5, 0.5, 0], "texture": "#missing"},
				"down": {"uv": [4.5, 0, 2.5, 0.5], "texture": "#missing"}
			}
		},
		{
			"from": [6.22, 21.41239, 7.72],
			"to": [7.78, 23.97239, 8.28],
			"rotation": {"angle": 45, "axis": "z", "origin": [8, 24.19239, 8.5]},
			"color": 6,
			"faces": {
				"north": {"uv": [8.5, 9.5, 9.5, 11], "texture": "#missing"},
				"east": {"uv": [8, 9.5, 8.5, 11], "texture": "#missing"},
				"south": {"uv": [10, 9.5, 11, 11], "texture": "#missing"},
				"west": {"uv": [9.5, 9.5, 10, 11], "texture": "#missing"},
				"up": {"uv": [9.5, 9.5, 8.5, 9], "texture": "#missing"},
				"down": {"uv": [10.5, 9, 9.5, 9.5], "texture": "#missing"}
			}
		},
		{
			"from": [8.23, 21.42239, 7.73],
			"to": [9.77, 23.96239, 8.27],
			"rotation": {"angle": -45, "axis": "z", "origin": [8, 24.19239, 8.5]},
			"color": 9,
			"faces": {
				"north": {"uv": [8.5, 7.5, 9.5, 9], "texture": "#missing"},
				"east": {"uv": [8, 7.5, 8.5, 9], "texture": "#missing"},
				"south": {"uv": [10, 7.5, 11, 9], "texture": "#missing"},
				"west": {"uv": [9.5, 7.5, 10, 9], "texture": "#missing"},
				"up": {"uv": [9.5, 7.5, 8.5, 7], "texture": "#missing"},
				"down": {"uv": [10.5, 7, 9.5, 7.5], "texture": "#missing"}
			}
		}
	],
	"gui_light": "front",
	"display": {
		"thirdperson_righthand": {
			"rotation": [0, 90, 0],
			"translation": [0, 3.5, 2]
		},
		"thirdperson_lefthand": {
			"rotation": [0, 90, 0],
			"translation": [0, 3.5, 2]
		},
		"firstperson_righthand": {
			"rotation": [11.25, 90, 0],
			"translation": [1, 1, 0]
		},
		"firstperson_lefthand": {
			"rotation": [11.25, 90, 0],
			"translation": [1, 1, 0]
		},
		"ground": {
			"rotation": [-90, 0, 0]
		},
		"gui": {
			"rotation": [0, 180, 45],
			"translation": [-1.5, -1.75, 0],
			"scale": [0.8, 0.8, 0.8]
		},
		"fixed": {
			"translation": [0, -4.25, 0]
		}
	},
	"groups": [
		{
			"name": "group",
			"origin": [8, 8, 8],
			"color": 0,
			"nbt": "{}",
			"children": [
				{
					"name": "group",
					"origin": [0, 0, 0],
					"color": 0,
					"nbt": "{}",
					"children": [0]
				},
				{
					"name": "group",
					"origin": [0, 0, 0],
					"color": 0,
					"nbt": "{}",
					"children": [1]
				},
				{
					"name": "group",
					"origin": [7, 0, 7],
					"color": 0,
					"nbt": "{}",
					"children": [
						2,
						{
							"name": "group",
							"origin": [-3.31371, 0, 1],
							"color": 0,
							"nbt": "{}",
							"children": [3]
						}
					]
				},
				4,
				5,
				{
					"name": "group",
					"origin": [2, 3.19239, -1],
					"color": 0,
					"nbt": "{}",
					"children": [6]
				},
				{
					"name": "group",
					"origin": [2, 3.19239, -1],
					"color": 0,
					"nbt": "{}",
					"children": [7]
				}
			]
		}
	]
}